time,Engine speed,Engine load,Railpressure,Air supply,Crank angle,Intake pressure,Back pressure,Intake temperature,NOx,PM 1,CO2,PM 2,Pressure cylinder,costs
2024-06-07 19:28:27,700,7.33,500.9,78.3753,1.91,967.5,1027.2,65.5,15.851380240572826,0.13141209808324952,2.9288776008636166,2.2285245004540064,43.95540914698391,1
2024-06-07 20:53:59,1868.56556485,70.22861855,2006.71078088,713.87079231,0.686327,2155.33490657,1955.29547907,58.08805416,299.3046013141297,2.0448786460859996,71.06901928396269,0.04474019224655955,110.99892178150688,1
2024-06-07 21:46:31,1997.8121513224614,112.91547887925219,1645.603139454999,882.6126624300058,5.033640047671298,3007.3658892579892,2534.258979984933,72.51886978878605,329.17019939060305,4.9436483453137035,139.07088250811285,5505.047499557287,147.62142320789607,2
2024-06-08 08:01:34,816.4712565906533;37.609734587256995;900.1427871055062;228.42045796100746;-8.592515890505748;1981.8799610478413;3509.5803914574226;48.709871706251796,,,,,,,,125.10746278858385,0.4371585551795759,20.70223941458411,3.4443235692265173,102.99879114216813,1
2024-06-08 08:03:02,987.4114939596939;47.15993637410995;956.1460928305914;355.8552731105252;-5.385728122972591;1032.9742370562933;2954.236837365604;50.21321767479369,,,,,,,,135.17936868175482,1.1070028111409944,31.567073810913026,1.4143872967935052,66.17497866274628,1
2024-06-08 08:03:20,1660.8046742693305;97.00514103413603;2430.4020502037392;326.2103746033056;-2.241785440246901;2905.8739506124602;3092.260464641327;49.9108118799501,,,,,,,,122.66515019256072,13.792531794799967,79.91233288416974,22.327952810825227,125.4515604399259,2
2024-06-08 08:03:35,1723.8493485032727;133.3610135382154;1179.1853689749473;699.3663563230035;-6.593938041694512;2504.8377191913646;3323.493839330111;80.9574575651513,,,,,,,,638.2664737621348,6.805216935122996,121.43349641418341,0.02368678765345697,125.25683881086164,2
2024-06-08 08:03:59,1841.1600863424358;36.203597259771314;2114.4838170102657;696.2218660720604;9.58036525466229;1569.215122359206;3496.886315215102;71.92286192949594,,,,,,,,184.9117047482069,1.1166143839752043,38.325868408176824,1.0870596791040368,87.65723211320602,1
2024-06-08 08:04:25,2183.25772039929;47.490671963377025;1444.360083928377;650.760362168102;4.574534520445509;1214.9244253869156;2534.9048562203484;63.45492422692431,,,,,,,,267.9579343054198,1.5613812374181426,48.390953641482106,0.09235090369475021,68.6383810738003,1
2024-06-08 08:04:52,1896.59116143815;97.30339990658084;1351.5085464909785;827.0400215548999;-3.2220391645825215;1957.8581441096364;2360.6681994728033;61.206923336929805,,,,,,,,655.7421916199723,3.4156827838362585,108.40071618973448,42.97651253816764,104.52490174114237,2
2024-06-08 08:05:11,1199.4744663534086;101.51793252464928;1868.64585024939;393.7881204615265;-0.03519388679384705;2519.380837318452;1297.5933971625957;53.86720372980194,,,,,,,,318.38069109416716,8.514028487152178,83.16933854665422,0.008595356055072174,114.40165499104079,2
2024-06-08 08:05:43,903.4817356274145;10.912282280898827;960.1431977939694;602.4009076348685;4.090658300806013;2214.4854774342593;1118.4698297961027;65.71073518505852,,,,,,,,97.88120553644795,0.3668455568093123,9.534795839402898,1.038233234474517,108.75854924949499,1
2024-06-08 08:05:59,989.3389537939555;81.16856842697726;798.9977479762007;610.8516524230706;4.238797635405806;2893.2755228827195;3159.8283845681676;46.59970457484237,,,,,,,,790.7720247245965,0.4535116843877814,42.08706701254452,0.9122885296574753,161.7662434041696,11
2024-06-08 10:42:10,858.6470916867256;0.0102736991704484;1515.682283144068;338.4671985828048;-0.264037309680134;2036.148480377857;1035.6354114650649;68.28402449665094,,,,,,,,63.414343326539225,0.3129358682806014,7.583103127469893,0.8383785484408122,99.2782137930796,1
2024-06-08 10:42:27,693.6874359846115;34.83799151841293;908.7112953023676;277.50118742069975;7.082831505686045;2578.752956422796;1496.654866438905;43.73892192648066,,,,,,,,175.75141249399869,0.4954561739740651,22.623428327602618,2.284015174109376,133.99286830510928,1
2024-06-08 10:42:44,1684.5067530870438;69.6664109378008;2288.297326002142;681.3385673195949;-3.805208731034944;1894.808599873708;2350.6831892974737;70.63407004149516,,,,,,,,268.6714316225982,1.6250090663720242,71.30065312700026,3.4841231937487462,102.8059037551814,1
2024-06-08 10:43:00,1221.1424604058266;104.4944353029132;1581.9612763045996;389.8250490396304;3.121223116759211;2575.4135211883367;2618.2012457071337;52.99581318615692,,,,,,,,128.7707426284467,24.26768109966267,85.14000217239428,31.342565606149677,136.2060483140202,2
2024-06-08 10:43:18,965.1808708906174;139.32161320283694;1772.570622499623;384.02338627166495;-0.9525053296238184;2082.797440859837;2437.8482286856824;53.35982663542906,,,,,,,,441.3020494906743,1.6190440409393154,66.23462755328138,0.1598383311384832,133.74100578085196,1
2024-06-08 10:43:33,1278.6876380443573;0.0004049949347972;2154.0824080662405;143.864753037998;-2.9911182541400194;1624.4552206321778;2234.8187644288237;47.345782026454586,,,,,,,,54.52932855551975,0.2691549308133097,7.384401465322116,1.0070837130597052,76.18891948470818,1
2024-06-08 10:44:23,1341.0466372966766;42.37513806670904;1487.0190981028832;697.9715264681604;0.8411593828350306;1540.6158780007604;3465.093271396067;57.318012795527395,,,,,,,,233.02278376785736,0.7292695919154984,37.11404485315404,0.6901387713814803,88.91432266651483,1
2024-06-08 10:44:36,1637.468323111534;84.7436763870437;987.312569615928;186.1496286043428;-0.7460317652375981;2974.0909038897785;1948.161604661275;53.23376651016678,,,,,,,,298.747663635366,1.6423710928317752,59.5226087277425,24.566273018768925,139.19358083305374,2
2024-06-08 10:44:51,1592.324286699295;127.11224869824946;1396.5286877094527;610.3990462752352;-7.01618149240514;1919.6816311951268;2049.6061536223233;80.12395415723783,,,,,,,,323.89090315628727,6.870947032679248,94.02202070320055,0.2710935559261412,100.62713141502405,2
2024-06-08 10:45:04,1216.320277750492;169.48516483418643;1501.1897808736858;555.3636147531786;6.218004648108035;2903.9827555595525;2098.829896093796;56.01301888900216,,,,,,,,504.7448555332638,27.58266785650877,96.1068897946562,2.4257580631090154,157.11371985885052,2
2024-06-08 10:45:18,1364.2775058746338;0.0220943894237279;1057.0931278785774;608.2646145141041;0.5868780380114913;1500.8863866248223;1729.3788925455442;61.34248328737395,,,,,,,,56.836833732507195,0.2806272543523603,8.243424775409528,1.1953074106104054,71.27251907116916,1
2024-06-08 10:45:33,887.3775988817215;42.40758047244838;1237.349804196745;207.95525702215784;-4.538265683222562;2774.592594308373;1677.591618754812;38.312159919512,,,,,,,,171.9842084028557,0.4380339975667913,26.577148305115305,1.1914024823170617,129.96856747028656,1
2024-06-08 10:46:04,824.6056973934174;84.79414124351138;1222.1621814601606;245.4447140082485;-4.937778788153082;2182.734394472601;3046.1964174381596;38.206952905845874,,,,,,,,141.11636356699387,0.41378016105502635,39.33094906595219,3.0684779584704915,118.80218762255863,1
2024-06-08 10:46:18,1711.3985687494278;127.1815582845568;1647.2941800873386;714.0035131653389;-8.698525268822358;2609.046827158302;3971.0968343431714;65.64978076743425,,,,,,,,595.2750859568151,4.185602671100873,118.01732865351141,0.07044887717418194,135.03731627818397,1
2024-06-08 10:46:35,1621.8658313155174;0.0019093805595339;2042.6944368619584;834.0310338574714;4.41411761690903;2427.8985823981084;1776.694560492528;69.88114503144136,,,,,,,,124.45693666855873,0.5285374443310892,17.2668410461749,1.3094551869982647,120.0574033576691,1
2024-06-08 10:46:49,1352.4661973118782;41.82299048639834;1076.1479837525917;703.8922716012032;6.603642115369439;2685.7318649376184;1676.6178325878757;42.37743869256926,,,,,,,,220.5550567281704,0.6010933017367306,30.888430090374346,1.7564082510253454,144.55320612084782,1
2024-06-08 10:47:06,1142.5445601344109;83.64674046401142;1164.2649718280427;454.46219421668775;-3.666452756151557;2404.299902848743;2346.142359855533;69.1544503598571,,,,,,,,182.34562516606374,1.4183302928760395,51.51938716476712,364.4215143396458,118.75597707673057,2
2024-06-08 10:47:20,2040.8869951963425;0.0129349930681366;1944.058319662992;947.842727338988;-2.283843060044923;2297.3429133261307;2188.3008307608147;57.45432696659937,,,,,,,,102.97896929916656,0.4785355719302577,12.613310290748258,0.8742948697026899,111.75404589208632,1
2024-06-08 10:47:33,1116.561470925808;37.96649123485179;995.7238878246284;470.3049852496076;2.512358366511762;2533.494254537334;2283.1562343006685;69.36124185585663,,,,,,,,205.33813642508954,0.5054096549483016,23.259877243205857,1.5432259686390855,126.86380994128235,1
2024-06-08 10:47:45,1855.6133806705477;113.87280580609418;1646.9276503888118;491.9348458125131;-5.077861876591531;2370.2603465260327;2019.3565433819797;66.10015566580353,,,,,,,,221.33191478700752,4.661000598523103,94.65011172252423,1.751114556415184,106.60790293221625,1
2024-06-08 10:47:58,1936.1696869134903;151.82718954627106;2558.9969637348177;647.7605100526523;-1.6249795971674263;2554.488110270321;3997.1921377331905;63.00772822320566,,,,,,,,581.5853798568616,5.803615797099229,120.08441752296056,67145.00189943447,127.08299654437754,2
2024-06-08 13:22:18,951.3894185423852;24.65478757634733;1150.6259942300776;199.39157366655405;3.0979360337369144;2521.5428989079055;3790.121800572517;39.75928568262891,,,,,,,,129.78696837374977,0.4388646951271532,16.08450742453059,0.619802678629918,124.4733258539269,1
2024-06-08 13:22:36,712.4374002218246;36.776246741496365;1197.232235423672;334.15288498632424;0.4159740102477371;2521.7677280273365;3363.6425804753244;40.80568529007317,,,,,,,,203.21213650372462,0.566329446853187,25.71892348856706,0.8022162484573175,128.29169215508617,1
2024-06-08 13:22:55,939.80081230402;97.25905816332804;996.0410472185586;332.53345842811825;0.9628252638503908;2357.019852395956;3590.2163521085627;62.25420106008994,,,,,,,,321.5721943998323,1.2620569065163567,56.884617412238136,0.9880707959028352,139.97244450050474,1
2024-06-08 13:23:09,938.3502334356308;118.2286876161507;1207.121156635863;455.05364093214746;-1.824399894103408;1557.8128363613982;2752.288423921498;64.8282806756541,,,,,,,,391.63561765693174,5.924994204830295,76.78491794535307,0.07023446367684007,107.22011759239483,1
2024-06-08 13:23:21,957.748918235302;135.84714762871178;1434.0767245991108;497.87278372399294;5.589762495364994;2484.6807183795504;2452.0499932529738;39.87670363518046,,,,,,,,848.437735498457,1.1700193919383999,68.3394860441511,6.078270742035353,168.8454709332108,11
2024-06-08 13:23:42,1271.5104773640633;21.373747484758496;668.326723358166;339.50210550150064;1.0584499198012054;1466.218850789634;2437.392574963088;76.16788559262488,,,,,,,,78.1533780831275,0.6611028246572623,16.489612096752836,15.6859728610618,77.08030170118727,1
2024-06-08 13:23:55,1267.311792075634;58.93017206341028;1348.045842723043;210.63686202488375;-6.968040673527867;1326.3484761284471;1624.2591081727282;65.62958397833444,,,,,,,,113.99738574962464,1.6915051549190923,39.593347590660045,30.05949283552891,67.43728658633651,2
2024-06-08 13:24:10,1094.221755862236;69.00215857635011;1938.0004701756136;144.960070053183;-4.479792437050492;1632.729729411043;1328.7500436573382;41.129778829537216,,,,,,,,86.59251921816313,3.594198449179384,45.873054194954996,254.11841854429298,79.19410257677127,2
2024-06-08 13:24:23,973.5617727041245;114.25307768107886;1668.118832556188;263.7822053507558;-9.039229401387274;1835.034273064947;2289.8278128444945;45.3384371344581,,,,,,,,232.90915245905924,5.542963773320548,57.391726617966455,0.19722993242260048,93.86372399025664,1
2024-06-08 13:24:36,1178.9601400494576;137.22032649357314;1987.0137583625096;642.8134702996773;6.499030906707048;2187.9340134429076;3029.2605385212164;50.29514538706939,,,,,,,,1249.3809399715321,3.638546926877043,101.20509929074066,0.5224360632384151,166.4478532889337,11
2024-06-08 13:24:52,1305.866201221943;22.95666211284697;2006.3568686511396;728.7030116763538;5.749568350147456;2688.666185916806;3167.4938058245066;40.32556914250746,,,,,,,,167.52435475187895,0.6414235215593714,22.163077378807575,0.9238744123131682,132.9149066475386,1
2024-06-08 13:25:05,1421.4161053299904;46.04842486791313;713.4643622588533;494.7228766759545;1.0477635315596547;2478.394427421131;1258.5878192935986;49.0140088815865,,,,,,,,158.33211395212007,1.047236225670234,33.56100709660748,2.495822382655144,121.80953906064266,1
2024-06-08 13:25:17,1556.1231553554535;90.19317753612997;857.2253755165971;357.6860258236228;-0.6903281637862655;2002.7981195834936;1421.6056440087104;71.434658910135,,,,,,,,185.02520536253894,3.370125074761261,61.21092273678366,7194.628879462765,105.58151503113758,2
2024-06-08 13:25:28,1569.3306669592855;161.4340021647513;2383.92662783687;656.0722527224779;-1.753181648686143;2635.756151083697;1944.1763379314464;63.72149797099138,,,,,,,,589.2203876806941,2.4156765735277843,116.14609981901447,0.0012579373702857988,129.46704470079993,1
2024-06-08 13:25:40,1910.411225259304;32.70829903110893;2390.474934227459;948.3369216981822;-0.1790883843316741;2607.911279735812;1530.827422625347;63.7139668222983,,,,,,,,292.1729748954168,0.693379536997449,35.643128440934625,0.9834598571081195,127.34072506693882,1
2024-06-08 13:25:53,1916.7853862047195;58.57376534025506;2119.929826703129;701.4354180566847;7.453834239768444;1162.6161589130231;3965.025527317147;68.77626415806665,,,,,,,,290.9876010335735,1.8084359654788031,70.9315292280528,1.8799123877242074,95.21448125099849,1
2024-06-08 13:26:04,1905.3360104560852;101.21549969501451;858.4803344384519;487.08332420562493;2.187887596198065;1851.693953513835;3294.684760504691;72.33874904544638,,,,,,,,245.88820904438174,37.418499718561755,88.4631285795951,22850.15588266878,112.39450841910792,2
2024-06-08 13:26:18,1728.2390043139458;113.63467161045769;2169.427746527037;273.8431917220943;4.111271169398773;2275.3917696732624;1558.5966865616904;64.18996374279813,,,,,,,,301.11206376408836,24.95289911502763,88.69237381531437,7.00715543626362,133.57410467608318,2
2024-06-08 13:26:32,1695.8696901798248;136.98794461305596;1504.8238404999506;1009.5662619075962;-8.379993229580338;2302.2829225546193;3539.5723106075575;77.6205889561929,,,,,,,,1347.0270815393226,5.075120897556549,127.43114316210347,0.0576574904989615,124.49005185119208,1
2024-06-08 13:26:44,2214.7132635116577;28.955535289993332;1729.3223028745665;1288.8255816143735;5.403341477256097;1699.6826513077726;2728.752912621223;46.961205343972765,,,,,,,,77.4672910736851,1.8446729925202419,34.5283498394975,0.13450346959978396,85.96801620552161,1
2024-06-08 13:26:56,2152.733525633812;41.65315706435855;1048.6814702502;331.55249766644727;-1.9346147728419627;2618.2981621426957;1173.141925770629;66.69519509479522,,,,,,,,167.02325906643992,0.9974108181788703,34.313028564503554,0.5657935043036348,134.67670062457879,1
2024-06-08 13:27:07,2058.969148993492;109.58600798146767;2646.1012414587785;866.3553789811206;7.604404828875907;2647.6226290612085;1541.5650293348235;74.96463745702263,,,,,,,,562.2118468420525,13.399320703845676,131.15896919885267,0.0009764843197965385,138.84999513699572,2
2024-06-08 13:27:22,2063.909298181534;137.0501118974143;2333.4965399688735;1250.930481943874;4.2000666354568175;2367.328078407553;3290.115732667019;43.19486855189848,,,,,,,,1099.9795303936348,5.6981521851810095,143.49155608757172,4.2861178277500445,142.63770588553083,1
2024-06-08 19:21:51,1678.556989133358;52.46132436546091;1117.2936281561178;220.4816007726259;8.019516861514596;2172.463257548405;1829.56083108268;60.11139286945159,,,,,,,,172.03366569724028,1.3801954438883641,45.60079873941857,4.69896644996123,119.19586373055414,1
2024-06-08 19:22:12,2079.2428955435753;15.249090547463874;1059.615681686995;330.1759046565936;-6.22148924234347;1126.0651390827563;3432.3480694537734;73.43531762230961,,,,,,,,45.74014611302805,0.33908193389659186,14.814415430676647,0.10995295766950282,55.56652319437671,1
2024-06-08 19:22:41,820.449848473072;120.35306126558116;1271.1589014035585;487.6452608428912;3.4727951954118907;2084.175034207468;1985.1810809828785;42.863343513507566,,,,,,,,889.2604297517539,1.925489471340624,61.91639877081468,86.24260085033613,170.18784091142672,11
2024-06-08 19:23:41,1129.8669070005417;21.170713345493063;707.4826000438252;433.3905753451986;4.217226367909461;1365.2376722700228;1023.1472215186388;62.23628279140608,,,,,,,,118.4532155675774,0.5525861054151118,15.35121369258346,26.00140255605159,73.25535403236589,2
2024-06-08 19:24:03,1304.0308192372322;75.25302395224571;1780.321533809178;759.275064038802;-5.693879367318004;1556.8141972596904;2132.227956614216;48.62020219194579,,,,,,,,324.5106047624871,1.371316805942885,67.21997975125093,3.47057410000746,81.82415337694277,1
2024-06-08 19:24:27,1855.0669610500336;46.32793635931161;2635.1648447881716;646.8726808191368;8.166713292011924;2044.621163363675;3020.7972686105736;53.63750996635166,,,,,,,,412.79019570372066,0.8075215129523374,52.194103806662454,1.1251578247291896,114.46882024117573,1
2024-06-08 22:46:38,1639.495961368084;83.30053522160668;1601.8177249196335;634.5263661353208;-0.7938141296199053;1268.3085728382453;3234.188678692356;50.84890673909587,,,,,,,,292.69034754758894,3.2173843539748366,86.52137459930722,0.0,95.9296471084715,1
2024-06-08 22:46:53,988.9482408761978;38.96635679889533;1471.2542082281043;179.17815555396663;0.8691165200434625;1186.477574725457;2334.7768262827503;51.09432000244607,,,,,,,,51.66667617850014,2.221572906711961,31.293180800495723,0.0,62.04630698617165,1
2024-06-08 22:47:05,1855.0669610500336;46.32793635931161;2635.164844788172;646.8726808191368;8.166713292011924;2044.621163363675;3020.7972686105736;53.63750996635166,,,,,,,,594.439123473455,0.8070129397556726,55.898903228303865,0.0,111.11485830843766,1
2024-06-08 22:47:16,2079.2428955435757;15.249090547463874;1059.615681686995;330.1759046565936;-6.22148924234347;1126.0651390827563;3432.3480694537734;73.43531762230961,,,,,,,,50.064473006682675,0.35291525776471167,13.950523525588832,0.0,55.30538399394899,1
2024-06-08 22:47:24,1769.902127981186;125.41248921303216;1832.1092817357544;560.6855824714153;-7.100246476648422;2624.8720504292887;2734.7676883194176;47.13654642356207,,,,,,,,129.39144407016255,20.758488861612356,96.77586430705075,0.0,121.28153562313287,2
2024-06-08 22:47:31,1260.7827082276344;101.75480875186622;828.2578910320299;392.35465490079326;0.1224834681488573;2492.140669195358;1466.7262576370772;72.01490949956667,,,,,,,,277.1291367158332,7.1076612377892205,83.33993625306961,0.0,115.38696414875744,2
2024-06-08 22:51:04,1813.7575268745425;29.679123725448655;1504.850621639731;978.269310087337;1.333675111260206;1736.8657235285891;3565.5843978628204;69.05109501493516,,,,,,,,140.9518769363665,1.355056538468553,32.7242740982182,0.0,87.35082306748303,1
2024-06-08 22:51:17,764.6746531128883;9.525343681528314;876.2469864418696;288.20302661844823;-2.34490278409794;1848.293888022822;1117.12023922523;62.60470599600257,,,,,,,,53.536893989070634,0.26925733013783565,7.360091381426969,0.0,84.01803622463851,1
2024-06-08 22:51:23,1911.4067196846008;97.89312792536816;852.4179576938819;958.113591194255;-0.1310947577770864;2238.0637479638435;3652.0073428215705;76.26374620947573,,,,,,,,804.7921442617798,2.7188612614591627,112.53456113114002,0.0,117.89590442586844,1
2024-06-08 22:51:29,1237.667766213417;20.29778233729303;2036.5003196091689;565.6004329788941;-0.0051345769315958;1331.763297068353;1937.479623173178;70.90256134332367,,,,,,,,112.58990464153685,0.48403604719345666,16.39067180072882,0.0,64.55509795286619,1
2024-06-08 22:51:52,1414.956296980381;52.064431784674525;637.9061175606587;911.0103843653476;-3.1680236602160914;1726.0910879335695;1635.5532267131955;46.92401016399516,,,,,,,,273.51768732792044,0.689429025785648,42.83892465392504,0.0,85.23349543516136,1
2024-06-08 22:52:08,903.7447407841682;30.628884836476622;1650.0396527922403;602.7601869229843;6.470708707347512;2631.6834322521067;3797.403334714325;56.7491981415679,,,,,,,,299.7219206539503,0.7567387053076203,30.626282827454403,0.0,132.16963415152082,1
2024-06-08 22:53:20,2040.1788160204887;30.32667790063961;2073.2797057852144;993.6464035977152;6.470891112710703;2426.803821566561;1691.3935639715833;63.069415944111256,,,,,,,,278.99019583333677,0.6690334881881856,34.08808599519928,0.0,121.80572483157472,1
2024-06-08 22:53:27,653.7251427769661;16.659047043242683;1028.1912871746772;193.8126302850129;-6.56812955159694;1948.4637855825745;1734.562823594883;63.19202976251209,,,,,,,,82.93827795518405,0.32934837249386256,11.407170931526,0.0,94.84755029401255,1
2024-06-08 22:53:36,1387.6748710870745;10.391959296539426;1589.7919127281143;211.8188115919445;-4.467027583159506;2287.0895366705217;3948.5031973212176;62.3705658119318,,,,,,,,64.43890344523116,0.5258800449718448,10.30259333782322,0.0,109.54411301977979,1
2024-06-08 22:53:42,2212.890088558197;54.53293222984283;1473.6228935542258;1266.4226146048354;-3.1440719972748754;2807.164168031438;2108.3910688055885;57.55034501802291,,,,,,,,310.47626713309563,0.9921796790638056,55.862526401514046,0.0,140.38381041883392,1
2024-06-08 22:53:49,2190.1443406939507;19.52190123453318;2309.985897265557;211.2846138558087;1.1738592487471653;1154.9276855875607;2850.3563957193223;76.57704953969862,,,,,,,,53.762305381252496,0.3790574489828103,21.22035022396659,0.0,59.37508254671915,1
2024-06-08 22:54:02,1336.575070023537;144.0863185096532;1764.2401359555492;522.019857498949;1.472351353149861;1929.0592656839808;3711.905138386626;57.358529109387874,,,,,,,,244.50220693398066,63.79246489709074,95.1493265159622,0.0,117.46386483866942,2
2024-06-08 22:55:16,1608.491691946983;18.610722429405463;1134.9822642011825;230.54376131809929;2.5121653320374886;2015.3237415572;1137.0736575952446;57.14973865937755,,,,,,,,77.52390401780943,0.5745463909932056,14.330721885135473,0.0,101.20145252818301,1
2024-06-08 22:55:21,1110.7511892914772;84.31150375346425;1038.797719072444;666.3364376422829;-4.063750600907952;1168.3680337736328;2530.752995650561;60.85885805419909,,,,,,,,527.2046107139873,1.960941840049147,74.97697959841449,0.0,93.39239873018612,1
2024-06-08 22:55:28,1014.670218527317;2.541773669818124;804.3756744628945;581.0561387934351;1.8429333274252715;2897.1777704233805;3184.497870837296;74.15457436019912,,,,,,,,71.11098830044551,0.3939925233890293,7.7734509427229534,0.0,139.9004392855475,1
2024-06-08 22:55:34,2135.583035647869;134.2591530375251;2529.98449243344;875.7088832634863;2.3472718049580408;2975.583547769337;2631.7103252767697;47.07799834557369,,,,,,,,507.7620434738125,6.1610904644497815,135.57503060118486,0.0,150.9066745294541,2
2024-06-08 22:55:40,1595.6409439444542;100.56075449101628;1460.174347808511;312.7313994876707;5.829059329422318;2719.6615402081093;3882.854241322915;73.9876044992944,,,,,,,,101.8811618316993,85.20183885128534,83.10618789515469,0.0,133.8858292869264,2
2024-06-08 22:55:44,2105.041164159775;50.66623740622728;1982.5299970665203;1058.6764903020403;-7.504948897130529;2785.16378632775;1150.1034592830465;41.97495640240927,,,,,,,,247.1897287562859,1.428041724957521,59.176998372237215,0.0,130.88065390391014,1
2024-06-08 22:56:56,1845.618198812008;82.27211860582092;988.3252879940794;725.2253657937097;-8.66003335344664;2067.8545022152844;2159.025186209401;65.04039394806354,,,,,,,,172.30598321333642,1.606643333243362,69.6957417134138,0.0,103.36379423694856,1
2024-06-08 22:57:03,749.971716105938;27.78520731555022;976.8441530303916;323.61882452910606;2.662409341428429;1143.13969528749;1894.0860604467125;47.09123059992475,,,,,,,,91.3633534270917,0.8094328510892713,22.854798828671086,0.0,62.05755299212522,1
2024-06-08 22:57:10,2019.2075908184047;90.25537408714504;2400.717628000049;1137.7900326722806;-5.780392159276055;2201.818152781807;3156.157842455179;73.3578891052577,,,,,,,,375.243051833984,2.466353576122581,102.00026144992978,0.0,112.5956415165419,1
2024-06-08 22:57:17,1962.8430247306824;68.65627418275463;1122.159049525911;542.7714952305524;1.751295296892744;1871.9640325380915;3971.810883172129;44.114032422641465,,,,,,,,201.23832331074834,2.111490666918678,57.09806217985487,0.0,108.93123379093505,1
2024-06-08 22:57:25,826.9455671310425;75.7084506969874;945.6022750221912;257.3802784883485;-8.316546506248415;2848.26620706048;3649.6756163404257;38.15787398945492,,,,,,,,202.7283695719614,0.32561842807065633,34.5343310275878,0.0,131.00067323499715,1
2024-06-08 22:57:35,1789.4584342837334;68.78384417135734;2539.6190833804308;366.5215098920932;5.287205683855387;2293.896139324771;1336.241322487641;40.06253673772572,,,,,,,,227.70672215624708,2.167233221914759,69.51047261082705,0.0,116.87732659635193,1
2024-06-08 23:00:05,1183.9716255664823;39.569789698834505;1642.7767160659564;687.446962543835;-1.505593687761575;2553.887620505532;1430.0011160649296;50.52632592449505,,,,,,,,165.48431033095284,0.7632725141838154,37.06574267818307,0.0,125.3755137862565,1
2024-06-08 23:00:10,1279.8507422208786;32.25752895697951;998.961373058012;292.6972434262635;-9.094471198040992;2122.271700378019;3061.8563169339504;73.20149285241283,,,,,,,,145.17921145306212,0.4520494966969269,21.601713340253596,0.0,106.6042602428992,1
2024-06-08 23:00:15,1528.5224184393885;42.63219158165157;1170.621366180523;708.3611163852258;-7.241296189601849;1504.8973587973492;3734.987139883203;48.65710941088054,,,,,,,,214.74065092434242,0.8583792723189115,38.097099392537125,0.0,80.83035336447794,1
2024-06-08 23:00:19,951.6022324562072;99.840694423645;1393.8339012795282;248.58365333379416;3.064547246322036;2284.387363940382;1441.0819597175323;48.11234307415591,,,,,,,,514.7881670836816,1.9580748594146027,60.35650670250036,0.0,146.69653381149232,1
2024-06-08 23:00:23,2061.3966584205627;101.3422285843289;1628.385660868635;726.7317223815412;6.043606681690971;1314.3971573750223;1959.949875712284;65.2157580130469,,,,,,,,482.880307083421,13.202573928831223,115.94936348001207,0.0,106.31300620335875,2
2024-06-08 23:00:28,1705.90860247612;10.763028867560122;2024.4313836004503;1036.6781000095991;6.797157295700707;1615.547547364373;2687.7344406428474;77.48087050418704,,,,,,,,73.30660439959797,0.4447593273544261,11.442703212114804,0.0,80.00397315876121,1
2024-06-08 23:01:31,1697.3701149225235;3.6576750030751977;1358.0233926269898;299.2151081355328;-2.459225191941159;1285.709097210991;2811.340077290168;52.68330259445609,,,,,,,,56.99544111329814,0.2576115387584602,7.237729459687717,0.0,66.20362588327751,1
2024-06-08 23:01:36,1371.6841652989388;110.27147114276886;2060.602656709855;320.189346656878;3.799102101475;2516.0899807114884;2463.2806650653265;66.0268644278126,,,,,,,,164.4228900237789,28.887339926852192,87.13472750539144,0.0,139.60773767231805,2
2024-06-08 23:01:40,1898.5742583870888;24.640357317017173;1156.1816661115245;1113.802842373038;-9.519417382695272;1261.0945333618672;1311.1895841999574;58.89453201209082,,,,,,,,129.36444064714794,0.5297036100617943,21.105362738062958,0.0,60.45066203004284,1
2024-06-08 23:01:45,947.3497867584229;47.57476570730895;741.017827327838;368.10971142111055;-6.904750706162304;2307.659387392639;1971.4395398434483;62.15621647190223,,,,,,,,110.38063472532485,0.7976164591472144,32.378847141991706,0.0,110.38351660096326,1
2024-06-08 23:01:51,1381.3201650977137;60.46327500604093;2223.6118946520096;219.39236320273704;5.87593138916418;1427.0153129733326;1401.9542745896797;67.9262496403766,,,,,,,,92.71341752088746,5.521154336694752,48.351269199192714,0.0,78.14162123811784,1
2024-06-08 23:01:56,838.9319807291031;40.95705827514286;1518.7578894647995;386.9324339563684;-3.6953130713664;2423.9343838744344;3615.789872922998;41.99762451469603,,,,,,,,181.01857083058462,0.5167635017273472,30.537465030940105,0.0,121.86284394788484,1
2024-06-08 23:02:47,1356.5728530287745;72.19707957468927;1113.8464748335357;549.1436739815381;-0.342480803374201;2670.1550183270824;1774.878899336859;66.39991859526529,,,,,,,,370.7844993004957,0.6164516512754257,41.927694312976534,0.0,142.17538238239138,1
2024-06-08 23:02:52,1832.6556041836736;47.32189938589215;2004.181311102573;422.5943651235781;-2.954577162752189;1080.591252295584;2212.2002335385296;64.23752706726057,,,,,,,,167.49764989786735,1.6135758163130658,50.005369197231076,0.0,66.33769687302919,1
2024-06-08 23:02:58,832.7958568930626;0.0840415480360884;1384.8740113965714;424.9335020254597;5.651095006614924;981.1037167145216;993.034486229072;44.51455284196516,,,,,,,,37.06319048786307,0.21202744894938869,7.2408436142219985,0.0,51.10609529341204,1
2024-06-08 23:03:03,1123.761920630932;41.786357205044354;1835.0399465901887;137.17050015281126;-8.749138750135899;1874.3071782995255;3230.976104488514;57.866186123967765,,,,,,,,108.26329580314781,1.2190355254365381,37.74258038962752,0.0,93.7275484989817,1
2024-06-08 23:03:07,1543.0985048413277;91.98529120534658;2281.629485355243;483.2280647656572;-2.855074141880169;1650.1163921418272;3492.6996680095167;44.00633050195719,,,,,,,,205.40094991158713,9.692001974248134,79.79423584321525,0.0,90.3322737589013,2
2024-06-08 23:03:58,1499.8506799340248;65.69475575350225;749.3188537963212;869.1051997115075;4.616354674161617;2402.3554227215;2847.011553098987;69.21867276547852,,,,,,,,336.2114032358225,0.7308369826371752,47.08534884252763,0.0,132.94077799055148,1
2024-06-08 23:04:06,891.0095512866974;89.9415512312417;1587.9412930620765;508.4324985974317;-0.7259129523299634;1932.137650748934;1287.9993346172346;45.28076952074986,,,,,,,,323.363989541247,2.0054063486390814,63.98118281010457,0.0,104.25575945763646,1
2024-06-08 23:04:11,928.674753010273;6.847051619732658;867.7817859237188;228.79822912846907;0.2223801612854004;1391.9838900244713;2654.158773490106;55.7847349564808,,,,,,,,55.55685690824614,0.2823376463208711,6.932131451733966,0.0,69.62833523241613,1
2024-06-08 23:04:16,2231.3944414258003;3.703658872706447;1941.269802798205;754.5199305309915;4.996762074779973;2183.4703433952845;3783.2788992102255;51.808420544847664,,,,,,,,107.29643475118732,0.53702325382503,13.413847241903245,0.0,111.26415570642371,1
2024-06-08 23:04:24,1433.948975801468;30.19776255823672;2020.6302568427925;461.8567315700079;3.2474657553408246;983.329408688456;2674.55957506292;41.206693698983855,,,,,,,,98.99314806541747,1.112509661543292,39.6016892042126,0.0,66.80531394313705,1
2024-06-08 23:05:09,2148.545505106449;31.716292114368308;1591.994978098763;574.5995167747963;8.771323296542477;2273.4266479700345;3203.9498581815637;47.724881037383255,,,,,,,,172.88874895165705,0.8212796687897477,30.932186237847947,0.0,115.3533191590276,1
2024-06-08 23:05:14,2014.90169018507;1.526763812623641;920.6486372180656;253.1897704750132;8.928679740317367;1711.761163475879;2045.976287712376;64.40033337795612,,,,,,,,49.31423853167705,0.26971456599250193,7.246125731521877,0.0,82.81100940902232,1
2024-06-08 23:05:19,2117.075714468956;80.1838653586116;1147.968114044191;229.09619124482475;-1.2074606756897095;2634.205262452659;1838.4753442031397;39.69642240625877,,,,,,,,218.43374092825454,1.46129136429541,58.82842600082112,0.0,136.36187610319638,1
2024-06-08 23:05:24,801.57071352005;78.99229288263685;1370.8272535267538;566.8620032241304;-1.3971413159742951;1319.8725348692224;2492.097582390723;39.20326942394014,,,,,,,,309.86128852562786,2.033490853549628,62.45985853976569,0.0,89.03737801670691,1
2024-06-08 23:05:28,957.4524983763696;21.023619017158392;1080.3796433718005;507.8784509850132;-5.4001639271155;1546.1085061675285;3415.611212533986;55.05832172902135,,,,,,,,120.67065587775932,0.4871421878865974,17.229304836413057,0.0,78.73507378877457,1
2024-06-08 23:05:33,2175.6187692284584;129.54072028007258;1827.3997010484609;1138.1604716144643;-5.390562868083976;1855.8484629679888;2973.4549331312883;81.95602013952234,,,,,,,,983.8561550673143,7.607204838851592,142.1745250255619,0.0,119.37409118537474,2
2024-06-08 23:06:40,1348.02348613739;12.150800842791796;534.5955137482251;343.6669555214461;5.536829689517617;1211.2338453990526;3560.5561681270938;54.38066763491359,,,,,,,,61.18365987181034,0.20132319305084917,7.164195309837481,0.0,60.31171403006565,1
2024-06-08 23:06:45,1775.9063735604286;103.16964895634428;1376.9169687837682;1112.6311576997325;10.691760556918844;2977.139148262862;1574.530852632851;42.23862979627716,,,,,,,,875.8229329787283,4.407362846869232,119.69817315483947,0.0,159.00283905198995,1
2024-06-08 23:06:50,1273.7487122416496;55.483516342937946;1394.8542761031588;616.0370307619443;4.2553889798000455;2903.16165682847;1245.2203344819247;68.98780086221386,,,,,,,,686.5480376456749,0.5488580801051292,37.53364186038625,0.0,167.18017249191146,11
2024-06-08 23:06:55,783.2765638828278;54.07160710275639;1148.9003008365062;517.9622744332175;2.1887259045615792;1360.5613893147656;2970.507417004116;58.14625075972927,,,,,,,,331.78555707759256,0.8815792213791125,44.01137986080492,0.0,83.30154974404016,1
2024-06-08 23:07:05,1522.5181370973587;23.358214432373643;1645.1094808353942;329.90445062822806;8.023198663682308;1841.7495307802792;2008.556820929296;42.387374395402205,,,,,,,,78.30520905318865,0.8321791709183002,21.168701542101235,0.0,92.72563815283391,1
2024-06-08 23:08:10,2203.001192212105;94.18472360041962;2593.520010403029;395.8114326892194;-9.642845855935988;2406.837327970612;2340.715387053005;63.30079178564773,,,,,,,,188.04775744589787,4.289375652645425,88.31131265505515,0.0,112.62740186648577,1
2024-06-08 23:08:16,1212.7252370119097;27.32123046182096;1020.1406584706248;146.88542675158504;6.90545866265893;2862.493914923117;1554.97852282385;71.87557386210261,,,,,,,,119.38735276035065,0.4660835891450221,18.68473310061801,0.0,142.45634081629098,1
2024-06-08 23:08:21,740.9720242023468;70.18078038313038;1256.9830824572457;292.33627444729746;-5.253359770867974;2671.8715156768185;3115.868312106129;53.07487223263328,,,,,,,,272.85578498197276,0.3264188392049621,33.88951229693935,0.0,130.19840228377373,1
2024-06-08 23:08:27,1672.5495606660843;32.50723486860134;2530.5619504748893;626.0244029513756;-5.445018497234631;2796.258004124244;3909.092697609943;53.987259658352336,,,,,,,,178.1455852012089,0.8799264723848355,33.29370255584923,0.0,131.82124510602856,1
2024-06-08 23:08:34,1625.899364054203;119.66595923527962;1071.8724286180454;389.1026245326223;-5.377990408018101;1682.8344013942217;2529.496771717108;52.980729582310246,,,,,,,,279.0710141039895,7.2467616640950965,75.42251970777842,0.0,87.50704714071182,2
2024-06-08 23:16:27,1183.9716255664823;39.569789698834505;1642.7767160659564;687.446962543835;-1.505593687761575;2553.8876205055317;1430.0011160649296;50.52632592449505,,,,,,,,303.76601224566383,0.800217921749949,37.66113695134555,0.0,124.42291605872828,1
2024-06-08 23:17:02,2019.2075908184052;90.25537408714504;2400.717628000049;1137.7900326722806;-5.7803921592760545;2201.818152781807;3156.157842455179;73.3578891052577,,,,,,,,504.8388445141913,2.371348350695285,107.75009589451238,0.0,109.73522622348162,1
2024-06-08 23:17:13,2190.1443406939507;19.52190123453318;2309.9858972655575;211.2846138558087;1.1738592487471653;1154.9276855875607;2850.3563957193223;76.57704953969862,,,,,,,,48.302986169688715,0.3624624465105576,22.2973020306096,0.0,61.84177457281799,1
2024-06-08 23:17:34,1789.4584342837334;68.78384417135734;2539.6190833804308;366.5215098920931;5.287205683855387;2293.896139324771;1336.241322487641;40.06253673772572,,,,,,,,300.02290749301557,2.296888050008747,69.70444250825153,0.0,117.25596732900887,1
2024-06-08 23:17:45,1014.670218527317;2.5417736698181237;804.3756744628945;581.0561387934351;1.8429333274252713;2897.1777704233805;3184.497870837296;74.15457436019912,,,,,,,,88.38206656396302,0.3847260325678699,7.522491892266751,0.0,144.2977386882674,1
2024-06-08 23:18:00,764.6746531128883;9.525343681528314;876.2469864418696;288.20302661844823;-2.3449027840979397;1848.293888022822;1117.12023922523;62.60470599600257,,,,,,,,53.046253215919926,0.3237473272180533,7.209503549799834,0.0,86.40939774895443,1
2024-06-08 23:19:07,891.0095512866974;89.9415512312417;1587.9412930620765;508.4324985974318;-0.7259129523299634;1932.137650748934;1287.9993346172346;45.28076952074986,,,,,,,,413.3818859965751,1.7284137856481159,64.69040720814593,0.0,106.5922332175881,1
2024-06-08 23:19:17,1845.618198812008;82.27211860582092;988.3252879940794;725.2253657937097;-8.66003335344664;2067.8545022152844;2159.0251862094015;65.04039394806354,,,,,,,,291.6181617108745,1.7090675558225241,68.52612039637089,0.0,104.39498995721694,1
2024-06-08 23:19:27,1832.655604183674;47.321899385892145;2004.181311102573;422.5943651235781;-2.954577162752189;1080.591252295584;2212.2002335385296;64.23752706726057,,,,,,,,168.64517516324196,1.7458469442152045,49.67348685299314,0.0,65.55339706621852,1
2024-06-08 23:19:36,1962.8430247306824;68.65627418275463;1122.159049525911;542.7714952305524;1.751295296892744;1871.9640325380915;3971.8108831721297;44.114032422641465,,,,,,,,185.08469254874902,2.110890542692974,57.7628180475762,0.0,97.94881032601207,1
2024-06-08 23:19:50,832.7958568930626;0.0840415480360884;1384.8740113965714;424.9335020254597;5.6510950066149235;981.1037167145216;993.034486229072;44.51455284196516,,,,,,,,46.32937808885621,0.22354156611391446,7.490339384354477,0.0,50.72707698272047,1
2024-06-08 23:21:45,678.6974027752876;12.056140644353349;654.992289901199;509.1209014310559;-4.032277497462928;2067.458748882138;1347.8192027038144;62.39874083446017,,,,,,,,84.63397311160239,0.2922544962345966,8.877224400255058,0.0,103.55024138832371,1
2024-06-08 23:21:55,1433.948975801468;30.19776255823672;2020.6302568427925;461.85673157000787;3.2474657553408246;983.329408688456;2674.55957506292;41.206693698983855,,,,,,,,94.1620490655564,1.0912790413195803,40.35795690247896,0.0,66.30224540629888,1
2024-06-08 23:22:06,838.9319807291031;40.95705827514286;1518.7578894647995;386.9324339563683;-3.695313071366399;2423.9343838744344;3615.789872922998;41.99762451469603,,,,,,,,201.00111366028162,0.49164261819750626,30.531307336668302,0.0,118.87490437942375,1
2024-06-08 23:22:18,2231.3944414258003;3.7036588727064466;1941.269802798205;754.5199305309915;4.996762074779973;2183.4703433952845;3783.2788992102255;51.808420544847664,,,,,,,,89.6655052976715,0.6005454039744937,13.903315795471803,0.0,109.9581212671758,1
2024-06-08 23:23:30,1348.02348613739;12.150800842791796;534.5955137482251;343.6669555214461;5.536829689517617;1211.2338453990526;3560.5561681270938;54.380667634913586,,,,,,,,65.47556249621073,0.1716037480208272,6.844094411689807,0.0,59.34901439489296,1
2024-06-08 23:23:40,2148.545505106449;31.716292114368308;1591.994978098763;574.5995167747963;8.771323296542477;2273.4266479700345;3203.9498581815633;47.724881037383255,,,,,,,,223.28945334677022,0.8055759069720333,30.286896916961663,0.0,112.31594236781575,1
2024-06-08 23:23:51,2175.6187692284584;129.54072028007258;1827.3997010484609;1138.1604716144643;-5.390562868083976;1855.8484629679892;2973.4549331312883;81.95602013952234,,,,,,,,1000.2379753691617,9.494571985193947,142.82657344241198,0.0,115.52320981527726,2
2024-06-08 23:24:02,826.9455671310425;75.7084506969874;945.6022750221912;257.3802784883485;-8.316546506248415;2848.2662070604797;3649.6756163404257;38.15787398945492,,,,,,,,274.18781717308894,0.33175986313860883,34.17698932995676,0.0,139.5252828290164,1
2024-06-08 23:24:10,1672.5495606660843;32.50723486860134;2530.5619504748893;626.0244029513756;-5.445018497234631;2796.2580041242436;3909.092697609942;53.987259658352336,,,,,,,,252.2872034777332,0.8780516391221018,34.86793120722351,0.0,135.57406371226264,1
2024-06-08 23:24:23,1072.6832032203674;31.72416114071656;1644.8115228414597;315.43089702442774;-5.285898479633033;1777.166508994147;1176.7591381380855;44.92303897402678,,,,,,,,85.57783353038973,0.9279275085036424,26.092735298024245,0.0,82.55787188396147,1
2024-06-08 23:27:39,947.3497867584229;47.57476570730895;741.017827327838;368.10971142111055;-6.904750706162304;2307.659387392639;1971.4395398434483;62.156216471902226,,,,,,,,105.10808916733825,0.7802873930006204,33.1036611363121,0.0,110.39654708956512,1
2024-06-08 23:27:51,697.3270416259766;30.40862906576791;768.0111922775311;411.1050150935024;6.372632028069347;1326.910990721464;3975.893521657813;68.09833304035003,,,,,,,,149.06296316298827,0.6519445964889142,23.595008379015713,0.0,71.55453267025929,1
2024-06-08 23:27:59,957.4524983763696;21.023619017158392;1080.3796433718005;507.8784509850131;-5.4001639271155;1546.1085061675285;3415.611212533986;55.05832172902135,,,,,,,,140.39725051015105,0.5067955575986229,17.72346243993251,0.0,76.13196978456419,1
2024-06-08 23:28:08,1150.4025503993034;95.85026313850854;1675.0248442866337;467.8106931212118;5.683711098972708;2323.3253617817577;2893.3328823107195;54.04099160106446,,,,,,,,258.0526572003355,11.552593012496605,79.09092748039716,0.0,144.36680757921442,2
2024-06-08 23:28:16,1867.0560210943224;78.61573389037915;1368.6294161526775;889.9607807284758;3.234326994645768;1067.61670250536;2781.6670371334094;51.63120410865451,,,,,,,,379.58413817786953,4.671507506878839,86.1477582179416,0.0,88.2548768690943,1
2024-06-08 23:29:36,1981.3503339886663;13.89944435519498;2468.1615946064176;1017.1852132912994;-2.1929212406848544;1512.7727941286937;1914.453020571258;38.950659867043655,,,,,,,,71.08516422334655,0.5396411693941686,14.649123936322457,0.0,76.29685331885368,1
2024-06-08 23:29:45,2097.8576570749283;44.591245678789946;1701.4304359310283;309.91333148315044;3.4816950354033267;2381.766229176983;1393.6713101454154;67.84965635249199,,,,,,,,231.43762981364137,1.6145708358140407,47.862051676799375,0.0,117.26297016045612,1
2024-06-08 23:29:53,758.5179269313812;29.31010426153169;716.9115047992383;214.4210167574659;4.711467861197889;2697.934204426895;3351.334595347957;56.897983820352096,,,,,,,,123.04927730212228,0.4054267542177563,19.235447814641365,0.0,137.52479245861085,1
2024-06-08 23:30:00,1758.4510177373886;8.315723451949903;1042.8139977214728;784.9999245041959;-1.6578406168848705;2751.1072819296683;3045.1895269969255;46.28392009707483,,,,,,,,169.7591069480218,0.6006599054791704,14.876741810937459,0.0,133.24720016827015,1
2024-06-08 23:31:06,1977.856221795082;80.56896983099058;1293.819648264942;415.8855880925772;4.479364400361339;2942.5497846396875;2925.9930638550204;47.973919747483095,,,,,,,,283.45601097466783,1.8061190382460117,58.84486029040709,0.0,148.4090925186417,1
2024-06-08 23:31:14,818.3996960520744;63.4369465841574;765.0052946854587;412.8627517515828;-5.041565636638552;2228.8773439300808;1207.3005533596563;51.30378523827799,,,,,,,,176.88534991668217,0.47170880029215423,31.887234284469738,0.0,115.88297134868391,1
2024-06-08 23:31:22,2237.5027179718018;43.62839604586786;2550.7326733374475;547.6883423101646;-6.659973884751747;1335.61642699638;1751.2549886310078;59.29399736334091,,,,,,,,192.23577351024994,0.8192059490632959,50.18525945333957,0.0,70.87796255302635,1
2024-06-08 23:31:50,1518.230290710926;125.63307721167804;1108.3085477822492;808.6966038508381;-9.70910528026049;2588.2665668091154;3124.76119919996;45.30753958904501,,,,,,,,933.9587464255369,3.5371065785302775,107.06998980804259,0.0,134.50325972993872,1
2024-06-08 23:33:14,922.5727438926696;58.89086149839636;1218.1234659976233;552.3588327263337;-5.061063270550221;1903.9161796593385;1583.2964093616315;60.83575102247654,,,,,,,,181.61374884518827,0.7096640365181344,42.83049855909677,0.0,99.38405925640501,1
2024-06-08 23:33:21,774.5380505919456;49.70363342447661;1383.5856231024786;124.93809009753926;5.476239917334169;1993.6040001150243;2071.6980014962264;71.001611064819,,,,,,,,173.3794885482818,0.5956923123618347,32.921359696745476,0.0,120.61714769992045,1
2024-06-08 23:33:29,2203.001192212105;94.18472360041962;2593.520010403029;395.8114326892194;-9.642845855935988;2406.8373279706116;2340.715387053005;63.30079178564773,,,,,,,,249.73897756048345,5.77359807205719,86.879189476335,0.0,111.9822544841553,1
2024-06-08 23:33:37,1633.306047320366;28.69860946384849;2333.6553004823536;784.5022484186456;4.737953944802289;2202.406542932278;2248.8327152245456;55.873064352642515,,,,,,,,225.43532914121974,0.6116556738860833,25.985008821660124,0.0,111.68188935814912,1
2024-06-08 23:33:44,1148.5030338168144;74.73835015936244;906.8435413305384;601.7563105460201;-1.851137978956103;2348.7115537418485;3607.2646825556913;59.22781370934197,,,,,,,,407.3669140104265,0.590632786129149,42.044208342461424,0.0,119.1359714527014,1
2024-06-08 23:35:40,1474.7563019394877;56.67652613483369;1867.643264661838;501.3427416192781;2.4076494375605684;1657.8172594164116;3962.913149451319;67.702501628645,,,,,,,,238.09237141165238,1.5677377321221087,58.21890953324469,0.0,85.36366932308393,1
2024-06-08 23:35:48,997.2495138645172;34.43592094818495;720.9708118208065;247.1039707434812;-8.675145872402936;1042.8870021391267;1660.0845974786998;41.85473205525161,,,,,,,,76.25632352827424,0.9153984094481421,21.625093269285067,0.0,61.08038443799236,1
2024-06-08 23:35:57,1873.6935511231425;18.99024712031076;1863.595852034865;449.85972846009855;-1.7938297917323638;2834.5174018245225;2400.7525271880013;60.24190123493403,,,,,,,,141.45452822778157,0.6205072478754644,20.431556056253193,0.0,133.37520064330238,1
2024-06-08 23:36:09,1039.6242633461952;30.25092177690354;1336.671153245624;327.5754929127572;3.690651881042868;1284.4526476913477;3562.942319516887;73.29770717645783,,,,,,,,101.60947371017119,1.2170086754625034,29.601699961644385,0.0,65.33277775665927,1
2024-06-08 23:37:07,899.9788209795952;23.78053007631105;504.8738422550406;196.20146827469904;-1.523762142751366;2473.3534567748757;3938.4137069986737;38.646802513403635,,,,,,,,105.82851813181604,0.364631277773719,11.447112660318895,0.0,119.144613709018,1
2024-06-08 23:37:16,2141.907998919487;92.31257476182992;1823.175087377968;926.3396602866816;-4.452504845590332;1640.818136193624;2202.1103426774;38.117827598765786,,,,,,,,465.5802820381548,4.129472085673581,106.10570944311513,0.0,95.81883508853373,1
2024-06-08 23:37:21,1625.899364054203;119.66595923527962;1071.8724286180454;389.10262453262226;-5.377990408018101;1682.8344013942217;2529.496771717108;52.980729582310246,,,,,,,,326.921458613405,9.122342400457741,76.68362441180544,0.0,87.49745542743865,2
2024-06-08 23:37:29,1306.667785346508;6.474961647763848;1111.5659154814298;654.6020264326613;2.262115750927478;1696.4775713397112;1562.203523591857;38.63441953042613,,,,,,,,63.744679424696244,0.2628915113057102,8.021708070684777,0.0,81.39415173429552,1
2024-06-08 23:37:40,2123.7192526459694;8.01754681829931;2692.902897410178;1293.3298051790796;5.128253556188238;1829.0619394232276;3559.3018910596084;49.25924122419855,,,,,,,,86.6412158379783,0.47734937530040494,12.464511736440866,0.0,88.5045784562128,1
2024-06-08 23:37:47,1942.80174523592;113.99427761274518;2238.2048242015107;510.4210706444708;5.276338710913393;2737.8923795188366;2139.782613982196;81.69555604137939,,,,,,,,172.36783481967345,30.166667623879594,94.21535012446517,0.0,143.04946454336886,2
2024-06-08 23:39:35,865.6286895275116;67.46980318657273;1106.4478750499077;301.3852514815356;5.505358737427741;2097.0722341092915;2431.0204463899263;46.26984211024634,,,,,,,,389.6266699680623,0.2290975009126623,33.050175211088714,0.0,136.85299492463224,1
2024-06-08 23:39:43,1342.9667934775352;93.17826046608388;1976.821519037884;679.3181583729094;-7.873255801387131;2646.7955267610314;1732.2844904524468;51.88999445983329,,,,,,,,436.8322467027902,1.0532493370894997,74.85810361791691,0.0,127.67858082198842,1
2024-06-08 23:39:49,2227.8575092554092;81.33854345921998;1522.6987636230515;824.4019410263461;-0.0440119040717199;1743.6723238122356;1270.4290744012417;61.793638604824835,,,,,,,,519.6218490884766,3.276098995755518,92.34106299488266,0.0,83.30396263225795,1
2024-06-08 23:40:00,657.3381468653679;32.676156842678864;596.82070499876;158.7460321845423;3.102186215110123;1807.6765862780871;1042.3147696520823;55.87552211255064,,,,,,,,199.9975031169278,0.3165008448928388,18.755159626424888,0.0,94.97695753762629,1
2024-06-08 23:40:08,2092.7946403622627;117.48577618359442;2135.125606998863;1229.961642077654;0.1196835129651265;2080.53507476309;3823.3190369706776;71.04087390746759,,,,,,,,1053.3777905918178,3.9938607588781565,131.39831429208087,0.0,119.6205879066214,1
2024-06-08 23:40:16,1547.4045902490616;13.67600337602198;972.247196904752;645.4760239411281;1.5418029360849257;2221.0717630838144;1637.868118439113;41.05305595479543,,,,,,,,109.03703823972725,0.4477125709665321,14.23785153671903,0.0,113.60323474329607,1
2024-06-08 23:58:33,1481.1542809009552;36.04465384967625;1438.6229745903806;870.37298807075;-1.7903568380045185;1057.0963042733194;1844.1378431512717;62.99023119706504,,,,,,,,133.4496030570068,1.3137344580744243,37.91221804793714,0.0,60.69362093265564,1
2024-06-08 23:58:41,1740.8437222242355;150.85625311540713;1992.553973666392;697.5753605058945;9.62636414673241;2769.4632845606475;3461.866769788781;74.23477094458858,,,,,,,,382.58348263104307,27.228416923007238,124.47809679821643,0.0,166.6811799156662,11
2024-06-08 23:58:48,1956.5424874424937;19.13296991953014;1297.1649469173458;594.0706260353485;-4.645928141351393;2717.4723508691404;1547.125789808843;40.49580529175809,,,,,,,,158.57163656692526,0.6410881123038626,18.585095833933526,0.0,133.8785805409277,1
2024-06-08 23:58:56,938.463255763054;17.50838367041676;1400.7625928230095;119.02577583927084;0.9956940752454102;2162.0466036253647;1263.036951644967;70.61845345146689,,,,,,,,100.77550104674154,0.3394297698904027,12.341123559144064,0.0,104.88540480852684,1
2024-06-08 23:59:05,1783.343669772148;36.65935345779699;1792.7826603269273;201.47541503519375;-9.825970112834112;1467.5627834900215;3408.780074449583;44.858410577138415,,,,,,,,75.8816810162455,1.803631872538907,35.375955423078416,0.0,76.45594755036348,1
2024-06-08 23:59:14,1008.5222661495208;45.99690485646924;1013.0835898682986;666.8986478179187;-8.500294955447316;1946.201873624668;2118.8863172315087;67.67739064017766,,,,,,,,189.72444271725394,0.5509539930123327,33.87788630487203,0.0,101.26209725429628,1
2024-06-09 00:00:43,672.5924372673035;50.97459973235276;1400.9766778637418;246.5181461544071;-0.4994999361224472;2861.3574661595258;2818.172616593656;66.79221741056742,,,,,,,,316.4343546784027,0.36781625134604096,29.6896804182964,0.0,153.5329236032208,1
2024-06-09 00:00:51,670.9355965256691;61.0923118248851;1142.7704319166596;485.0087324664861;7.171138359699398;1094.1756706198069;1563.3533629949789;56.4614954977907,,,,,,,,446.3933906555868,1.4180348743389888,50.58935480434885,0.0,91.43570744601824,1
2024-06-09 00:00:59,884.6243157982826;115.96106046643663;1401.6385830417685;621.9970134284938;-5.666614510118961;2906.122985109302;3328.4617674041406;41.31803345943847,,,,,,,,657.3486723906738,1.870730468432761,64.79656381831245,0.0,138.02403591808317,1
2024-06-09 00:01:07,2150.5552902817726;119.05239894568244;2478.992386966823;636.6075648808617;-1.9899319206351385;2291.7427071324723;3332.6600798262693;80.11851251911884,,,,,,,,353.40105072025744,4.633266123432176,117.73570549095878,0.0,116.01536224897276,1
2024-06-09 00:01:15,1992.3108354210856;96.48657466906764;2292.907620692297;616.6905051568451;2.902100760140396;1788.496362462051;1708.8937484706507;55.95931760544003,,,,,,,,419.09076765247164,19.07186610816405,107.89954467038557,0.0,97.93029153358869,2
2024-06-09 00:03:28,1828.45651358366;32.3319627073147;1195.9893176899218;344.3974210796681;8.040190916825122;1217.8703470429116;1588.66635236428;74.54585939283254,,,,,,,,102.04369607521181,0.9505488371643447,27.84623874992895,0.0,67.37957030966547,1
2024-06-09 00:03:38,943.056033551693;106.3388495458376;1731.1988553232377;406.2301223105176;4.292200149502605;1530.9514434278997;3075.3170805373975;59.82446496202195,,,,,,,,314.26716902533985,9.193882154112504,68.40661939038293,0.0,109.03318725640761,2
2024-06-09 00:03:47,1826.7932325601575;130.02023251624854;1680.037132200272;864.2869034731407;4.023171833906687;2809.94378589551;2593.91232843907;72.68495646695781,,,,,,,,595.2907021490901,5.505260356611079,129.55500335849877,0.0,144.75577282905854,1
2024-06-09 00:03:56,1329.1745021939278;47.08341918885708;1160.58545199819;469.1165749836159;-3.743355374317616;2500.972867021984;1015.4298435930156;49.954146307750094,,,,,,,,190.0504922208376,0.8488927965716605,35.41864453726884,0.0,116.69284753009963,1
2024-06-09 00:04:04,2033.7966412305832;55.983984673003135;2356.6518761948355;736.561027720428;-8.655331334501328;1059.1807780949678;3733.418816760525;71.2343575347155,,,,,,,,291.8133011306851,1.0576235835149643,64.81686330353546,0.0,73.68526502721967,1
2024-06-09 00:04:14,1614.798717200756;48.05117371306736;877.8262844050871;269.3202345694933;-7.778805442386306;2836.7480426791208;3599.46666215226;49.37683115246211,,,,,,,,168.47559441569442,0.9271699933297712,40.91225530590128,0.0,136.09925774003247,1
2024-06-09 00:05:37,1875.1109436154368;93.8831812515826;952.0493993954824;462.0591892134153;7.33700884303596;1543.5942962703707;2198.8361148529984;45.966996460214425,,,,,,,,266.85708871397867,22.946253237973192,82.59960275836222,0.0,100.92196352459156,2
2024-06-09 00:05:45,1601.0544195771215;86.3124676144086;1757.958751107345;952.8722922312388;-3.239357142054393;2429.78000474105;3631.2368751535146;54.28405722440431,,,,,,,,431.89981100327753,1.6634428463863273,77.6784181081894,0.0,124.28430986006711,1
2024-06-09 00:05:53,995.5978706479071;123.55332457924202;1062.628801022971;602.7611995307456;-3.2549763075076044;2654.305222679961;2709.430012648233;53.47066849033064,,,,,,,,400.17487944520707,3.0077068393774007,74.53978619974077,0.0,130.64718499365858,1
2024-06-09 00:05:59,1362.7150803804398;37.23611664958298;919.425862070616;657.7486736035098;-6.340614682994783;1906.8352808723664;2831.036132640892;63.47005188640499,,,,,,,,205.38976370212163,0.720105954067207,29.87497626116483,0.0,100.28899214179211,1
2024-06-09 00:06:12,1570.3755483031273;106.8163778167218;2137.9826581141165;675.7841838928696;3.639076423194061;1486.08902993092;2771.4539554729063;75.05066928756844,,,,,,,,655.9919241057594,9.635024084044344,106.44591067161518,0.0,118.64609451267803,2
2024-06-09 00:07:42,1190.1012673974035;69.14146851619353;1845.06474283428;748.8003103858525;3.4359087934717536;1162.8587512531196;3991.7645396270855;57.3038691085835,,,,,,,,370.39315592834043,2.833904059720081,66.05633709623375,0.0,88.81431177543429,1
2024-06-09 00:07:52,2067.7544310688972;130.1411770996259;1001.4605349232658;462.11671550492304;-9.195445397172936;2190.6452460243054;2741.025035358454;69.31138173848274,,,,,,,,193.44899512641675,8.498818069662095,88.05665048903298,0.0,117.81496609230507,2
2024-06-09 00:08:00,661.9252473115921;71.55137029750897;851.108974535349;336.0131600203625;4.107781210914254;2443.7723522865736;2879.9348835758456;69.23295896296773,,,,,,,,318.01532814116393,0.18675978634064258,31.91623928212674,0.0,142.75644329543968,1
2024-06-09 00:08:10,1739.357207715511;7.163692379592007;2477.3411985925286;197.66585226911997;0.6307707959243913;982.7943882157326;2445.0810464307306;71.75551761177991,,,,,,,,46.10100170398136,0.2342270935172865,9.059177688055486,0.0,52.11820776752523,1
2024-06-09 00:08:18,1030.638352036476;18.55033728840631;1032.3357260269172;204.8139986748012;7.300879759714007;2259.38110218213;1895.3802298124651;60.95477616245997,,,,,,,,121.41256497040433,0.3899736496172295,13.747869723487417,0.0,117.40130168935097,1
2024-06-09 00:08:25,1440.12401252985;80.90069557540119;1777.9646490270488;395.5367845399681;-9.5615986582818;2470.324293643721;2007.505914366152;48.27456159592741,,,,,,,,195.42796742882697,2.2909578924038283,59.488626290952396,0.0,122.5950788844626,1
2024-06-09 06:53:20,1956.5424874424932;19.13296991953014;1297.1649469173458;594.0706260353485;-4.645928141351393;2717.4723508691404;1547.125789808843;40.49580529175809,,,,,,,,153.5274924864336,0.6345332848242335,18.188615689540857,0.0,132.92248457747624,1
2024-06-09 06:53:24,1148.5030338168144;74.73835015936244;906.8435413305384;601.7563105460201;-1.8511379789561035;2348.7115537418485;3607.2646825556913;59.22781370934197,,,,,,,,352.428425201363,0.6031603422042414,42.6753309097293,0.0,114.54781657641456,1
2024-06-09 06:53:28,2123.7192526459694;8.01754681829931;2692.902897410178;1293.3298051790796;5.128253556188238;1829.061939423228;3559.3018910596084;49.25924122419855,,,,,,,,104.43691782519629,0.430258162373196,12.329442806777827,0.0,88.2985326735112,1
2024-06-09 06:53:33,1633.306047320366;28.69860946384849;2333.6553004823536;784.5022484186456;4.737953944802289;2202.406542932278;2248.8327152245456;55.87306435264252,,,,,,,,196.990147374021,0.575566979381147,26.854237743250106,0.0,111.3897600786589,1
2024-06-09 06:53:37,1758.4510177373886;8.315723451949903;1042.8139977214728;784.9999245041959;-1.6578406168848705;2751.1072819296683;3045.189526996925;46.28392009707483,,,,,,,,115.84655884048067,0.5743838413133808,14.2603201317412,0.0,137.1003299458051,1
2024-06-09 06:53:42,1030.638352036476;18.55033728840631;1032.3357260269172;204.8139986748012;7.300879759714007;2259.38110218213;1895.380229812465;60.95477616245997,,,,,,,,149.4039375001109,0.40658978393578077,13.650149544335354,0.0,114.78432921415664,1
2024-06-09 06:54:27,1783.343669772148;36.65935345779699;1792.7826603269273;201.47541503519372;-9.825970112834112;1467.5627834900215;3408.780074449583;44.858410577138415,,,,,,,,86.26315614047962,1.8549987795447165,35.37039533306675,0.0,75.728216014376,1
2024-06-09 06:54:31,1474.7563019394877;56.67652613483369;1867.643264661838;501.3427416192781;2.4076494375605684;1657.8172594164116;3962.91314945132;67.702501628645,,,,,,,,257.55326048657116,1.5341330988061193,57.78801379640443,0.0,87.95244387655433,1
2024-06-09 06:54:35,1495.2397346496582;87.91337001137435;1204.5978684817017;348.084720957527;3.351057692283364;1884.8332006777664;1639.1694745954778;72.19750347837649,,,,,,,,318.8446985609549,2.7236113610829493,53.900914729631225,0.0,108.75430437500839,1
2024-06-09 06:54:40,758.5179269313812;29.31010426153169;716.9115047992383;214.42101675746596;4.711467861197889;2697.934204426895;3351.334595347957;56.897983820352096,,,,,,,,130.2822897283841,0.49857088267151817,18.99726515646829,0.0,137.51401810630014,1
2024-06-09 06:54:44,1285.700799524784;115.9191883634776;1457.6948784584415;712.3668263223486;6.503249567467719;1739.5506687410684;1848.219995491456;71.00944319932017,,,,,,,,1237.2682836329504,4.9380393923084736,105.77709694500109,0.0,145.28063104004482,1
2024-06-09 06:54:48,1396.6743543744087;96.77375055849552;971.3506053719208;859.3394621129529;1.8018389400094748;1573.182903306868;1343.2272399328565;64.93387785711636,,,,,,,,621.1204828625592,2.222717603260731,95.39743100749652,0.0,115.62580466628872,1
2024-06-09 06:55:29,1204.5113697648048;3.3955009654164314;1549.3523036070912;365.07745651716107;3.269563682843;1849.9146095076956;2938.518146121141;65.50781386201942,,,,,,,,61.3560038827764,0.36138552084344655,9.190514649239839,0.0,88.15192815348148,1
2024-06-09 06:55:33,2067.754431068897;130.1411770996259;1001.4605349232658;462.11671550492304;-9.195445397172936;2190.6452460243054;2741.025035358454;69.31138173848274,,,,,,,,252.7957297587139,13.360804593567819,86.27734417976873,0.0,116.5614294859984,2
2024-06-09 06:55:37,899.9788209795952;23.78053007631105;504.8738422550405;196.20146827469904;-1.523762142751366;2473.353456774876;3938.4137069986737;38.64680251340364,,,,,,,,99.88192857181465,0.3537182045839203,11.428606540384271,0.0,127.3916563856596,1
2024-06-09 06:55:42,1879.6978056430817;75.24248361918534;1436.7065689402552;1028.7645152650753;6.0715520332717325;2214.1912792400262;3382.522278131452;55.249344846721925,,,,,,,,341.6284181919689,1.7275348283241327,66.68162825402128,0.0,117.70291288167674,1
2024-06-09 06:55:46,2044.4664776325224;97.59900352747644;1721.643458454222;515.5005262574002;-3.257046876116421;2041.0956860920724;3520.7297572540174;72.07092627203885,,,,,,,,130.32901933080535,11.956557725581971,85.47673150987336,0.0,111.87715488492121,2
2024-06-09 06:55:50,2227.857509255409;81.33854345921998;1522.6987636230515;824.4019410263461;-0.0440119040717199;1743.6723238122356;1270.4290744012417;61.79363860482484,,,,,,,,370.6741088648642,3.3612235163850386,95.35519473849467,0.0,83.96669178630691,1
2024-06-09 06:56:27,1063.0153983831406;45.50761523640807;977.743699341846;223.19399061614124;3.7689316598698497;1632.9817840459696;2085.6410457055326;53.12399622334402,,,,,,,,161.89113311781276,0.48603357101701067,24.706171564375015,0.0,97.04171163444906,1
2024-06-09 06:56:31,1838.9744520187376;14.896431590448667;2241.793901730673;664.9706615381898;9.731257443798269;2388.3050230270883;3199.2351766715774;67.83688051182946,,,,,,,,113.74905949541653,0.7200027840237093,20.041804136887908,0.0,119.10856484659361,1
2024-06-09 06:56:35,1936.642336845398;87.93280978128735;2043.1756600932129;629.2424418469816;-7.938051424528151;1850.3784757728067;2562.041476166419;75.03080269781742,,,,,,,,299.26235514935956,5.305808213846777,93.46093576556224,0.0,98.82652509125218,1
2024-06-09 06:56:39,1104.9011081457138;13.610494412292994;1256.4914703534582;209.32451685517103;1.6560403467155993;2671.024746560932;2158.329683361996;63.23800498520731,,,,,,,,149.01854375018442,0.4943004241547071,13.869108710706866,0.0,131.74442579147265,1
2024-06-09 06:56:43,1860.923318564892;130.34942716485145;1080.9903821309042;717.4062706669556;-6.926246642741932;2404.376738650574;1981.4505524423423;56.50880274929813,,,,,,,,613.9890107190218,3.9090774603089757,114.11968818367458,0.0,116.9697751584096,1
2024-06-09 06:57:19,913.490542769432;12.250775755748217;584.8551181104724;502.7259496684576;3.509916795883328;2049.089034224537;2410.0455444661216;69.25964933093758,,,,,,,,109.47297042270469,0.32734552950671647,9.062905890852232,0.0,104.68606984935913,1
2024-06-09 06:57:23,677.0406067371368;101.53499719116574;913.073665207155;227.9260012639007;-7.366455560550094;1610.1693856727154;2602.628654827071;61.137475519777055,,,,,,,,334.7259377940746,1.285864277902393,47.8223677465455,0.0,96.17462911175308,1
2024-06-09 06:57:27,1653.8657531142237;67.02908882124596;1813.354916736444;809.4335434244223;0.051810042649647;2073.75506089359;1456.2461759723742;58.53967394830726,,,,,,,,470.3196743842851,1.2717387890346725,62.62416733858115,0.0,107.52877696890573,1
2024-06-09 06:57:31,769.7741836309433;62.734852660148505;1099.5784959480366;319.8552305337932;0.0957742636092007;2541.4541515504325;3892.957773375792;56.57187346693176,,,,,,,,223.2568808152407,0.25829744776225105,31.31187540653016,0.0,134.95065966639666,1
2024-06-09 06:57:36,1686.7507934570312;133.74633660763865;2363.175705237151;984.6811989482665;-7.850949778205514;1708.7789804889453;2960.2142682774747;52.00210546397784,,,,,,,,1135.9869358875019,3.7685011585442627,130.99707142690596,0.0,122.88847195936812,1
2024-06-09 06:58:14,1254.9142211675644;4.751905631273985;2011.0473093833705;525.8536759920767;-2.871477401349693;1932.0728100116123;3433.1271588530103;74.19617957680015,,,,,,,,70.63692460198732,0.40411216296131514,10.455257405057225,0.0,91.00345754354503,1
2024-06-09 06:58:18,1820.395241677761;109.90469229547578;2195.3190994617885;300.1507498430663;-0.2672071885189613;2162.348699253107;1794.4857278010868;66.28724755305674,,,,,,,,203.53382497611437,5.1798898848633215,85.68808262922491,0.0,107.28050764442644,1
2024-06-09 06:58:21,1155.1904946565628;74.06949827286735;1297.8836143402596;160.82728811069225;0.1612069155089557;1659.346822361206;1107.519343370311;42.4085859397415,,,,,,,,144.81577423182253,2.2090000445884255,39.42275176995713,0.0,82.10704669085118,1
2024-06-09 06:58:26,1481.1542809009552;36.04465384967625;1438.6229745903806;870.37298807075;-1.7903568380045185;1057.0963042733194;1844.137843151272;62.99023119706504,,,,,,,,154.19003831489468,1.3161957871564902,38.126492770701255,0.0,63.30081191116497,1
2024-06-09 06:58:30,2129.726654291153;60.46070308365005;1324.642717498784;653.6564024598338;1.930607848224696;1497.8244982877172;2232.7816944609976;43.62046591060782,,,,,,,,216.6360104619817,1.9370872566068558,71.80997474565655,0.0,78.65625301623713,1
2024-06-09 06:59:31,1764.8392960429192;56.34519462377895;1295.3707818852597;746.7071269839496;8.09520487940247;1828.7783271957703;2432.312867575483;38.59711844604486,,,,,,,,394.6003766555945,1.3609486538320283,58.29988057809351,0.0,101.43975503410344,1
2024-06-09 06:59:38,1682.1707978844645;26.89801182339128;1881.9639003631037;584.8940161279868;-1.665169840329483;2309.5692594577768;1219.023021783093;48.10092640116605,,,,,,,,144.62623361408484,0.7132550944495081,22.329728699137075,0.0,108.65653296694128,1
2024-06-09 06:59:42,1135.7353702187538;121.19099368858969;1989.617617180827;394.713782933496;-6.46716431947425;3044.560831866421;3663.488795573774;59.82586546938455,,,,,,,,91.12125723183597,35.44733469399603,83.26052780633403,0.0,121.67461190596896,2
2024-06-09 06:59:53,1005.6904345750808;22.860694856250767;1537.7016626647037;463.5702406349442;0.4202272556722164;1805.3989152706176;1508.9104433589675;59.62588668260171,,,,,,,,114.12214161757096,0.4940448877286247,18.564994428676737,0.0,84.75073122084623,1
2024-06-09 07:00:38,828.4019008278847;57.875850971308594;648.651289050214;480.89973367612913;-2.79379622079432;1122.2098785578248;1816.8907319018083;53.91292070631109,,,,,,,,334.05375838925187,1.0350890823218766,46.58491262581621,0.0,79.3591021897402,1
2024-06-09 07:00:42,701.1750087141991;77.61129021998171;1458.82807250755;301.29468720488546;-8.545418749563396;2184.590734118518;1717.919193554585;40.87261012353777,,,,,,,,166.28170051935516,0.43544240040232696,37.40350564857657,0.0,111.33854658080026,1
2024-06-09 07:00:46,1987.546730041504;39.259757723555744;1830.1154558390424;1208.3041867872869;9.903768672326493;2262.8012817566;2890.908955182904;45.69270191181024,,,,,,,,356.04626644639154,0.8371287321098719,42.54850093988787,0.0,119.4983101890631,1
2024-06-09 07:00:51,1726.3921335339546;123.6682420103148;1321.864095677816;867.7033653649913;5.309920954633805;1945.526016783116;1859.567423556557;66.68205074492411,,,,,,,,1090.7133196825214,6.855577303144237,120.03869207375809,0.0,130.52722861978717,2
2024-06-09 07:00:55,943.056033551693;106.3388495458376;1731.1988553232377;406.2301223105176;4.292200149502605;1530.9514434278997;3075.317080537397;59.82446496202196,,,,,,,,343.8560338713755,14.96392313589752,69.59016367649767,0.0,110.79634888137187,2
2024-06-09 07:01:01,1644.5587694644928;147.3752532971426;1328.1123813754457;574.868138561628;0.1737750433960307;3168.8481931878337;2100.6983371181286;59.4621463799241,,,,,,,,342.258973088539,8.491620611465274,104.47253524664887,0.0,124.2724721582641,2
2024-06-09 07:02:47,2086.6493463516235;74.7378949266069;2312.0600900490267;1098.3533721171166;9.64468900565424;2791.7751275711103;1606.5619645850468;63.834196581162615,,,,,,,,636.228829405987,1.5867945842242615,86.70962766531585,0.0,144.5947997690628,1
2024-06-09 07:02:52,813.8001948595047;46.82774234070399;1057.693641716954;186.629797971443;-6.085867292713374;1736.3282465602697;3228.243360200856;40.91793839418239,,,,,,,,78.7853191485987,0.8455779733586358,23.732167511275215,0.0,83.19256991320648,1
2024-06-09 07:02:56,1731.198388338089;25.10483442124565;839.2802656023991;499.6490766398839;4.168336754755488;2634.003791045512;3791.122633994693;76.34064834585759,,,,,,,,138.72879540990812,0.4505339023802363,14.577994686085608,0.0,133.03919641514565,1
2024-06-09 07:03:00,847.2322046756744;21.540462854475344;838.892327974301;602.3502080440866;4.330932267475873;2569.886744262848;2666.04792391208;50.1747592571965,,,,,,,,118.21157978516672,0.395835932297266,12.343685309217657,0.0,126.30233887163699,1
2024-06-09 07:03:05,1041.1107778549194;124.79236901585296;1688.6249922057918;711.6391493140312;2.684051289688796;2983.8894612346617;2337.5792062194605;56.90835518325187,,,,,,,,1706.217179249588,1.9315696907508477,98.35953841091236,0.0,166.23977973700224,11
2024-06-09 07:03:11,1992.3108354210851;96.48657466906764;2292.907620692297;616.6905051568451;2.902100760140396;1788.496362462051;1708.8937484706507;55.95931760544003,,,,,,,,368.00872395726833,17.996109929985234,107.73458623939912,0.0,98.29405898124385,2
2024-06-09 07:04:22,1902.520641684532;131.5656354128336;1932.75247389634;873.900458524236;11.87890973702995;2101.67389210748;3069.9388248028345;63.82278688600565,,,,,,,,1059.213687210496,12.582335497662207,148.5395301360927,0.0,148.8981598595999,2
2024-06-09 07:04:30,2062.985223531723;0.3514054461107135;1450.178122792904;1143.6200586824375;1.0382127777116832;1576.5134020103774;1759.901558926601;79.72758925975714,,,,,,,,62.911004469120755,0.23807792380807827,8.69448199729227,0.0,77.21231502626381,1
2024-06-09 07:04:35,1649.3598774075508;4.958639770325068;855.09212439613;967.2623407347726;8.908858779123246;1411.4223532279352;3841.6646483792633;40.34962555818064,,,,,,,,61.43410849049913,0.2945954747149523,10.024092905686423,0.0,73.16691035275832,1
2024-06-09 07:04:41,1134.0667486190796;56.32212159070567;1612.9457577390372;719.6481630594537;-5.461356469895691;1225.2573813597571;1865.776370590728;72.02741984081592,,,,,,,,362.28332589985087,0.8612176928420918,54.7891837201938,0.0,75.58793328181538,1
2024-06-09 07:04:45,953.2539263367652;51.01891441850089;1725.595509454183;570.3676575108784;4.139544763602316;1685.7122814257566;2493.831485360548;46.73126147358421,,,,,,,,416.4970843835558,0.5550517778358962,44.86094529320459,0.0,94.1819675123741,1
2024-06-09 07:05:26,2016.570356488228;131.5258021610105;1382.438838082282;777.5963945302556;4.568994461921889;2341.77355526294;3937.169263670126;87.06820236724612,,,,,,,,1032.242414547241,7.532469926150751,128.7647779712074,0.0,136.05489234548367,2
2024-06-09 07:05:30,1248.1164753437042;67.74137770757079;1197.761941091458;696.0805674723846;-7.835074495524168;1476.4820741136205;1359.7904681209757;60.46930190094536,,,,,,,,293.87963248937484,1.363166159796076,60.76563288473413,0.0,81.07154377063857,1
2024-06-09 07:05:34,1290.4143646359444;19.039810122922063;1678.6179471300231;432.6715184662111;-6.142169903032482;1463.1903444371549;1681.171973464642;59.37686115204535,,,,,,,,92.41938413681927,0.490482927103145,17.58221536049825,0.0,72.58373630175227,1
2024-06-09 07:05:38,1859.266284108162;31.369925669423736;1563.6251513252128;251.7901903607844;-2.7838555763413657;1908.4505776732265;3711.590705919085;41.43465811725957,,,,,,,,95.24194683690712,1.2143301566975448,25.464990254876245,0.0,97.2066940496061,1
2024-06-09 07:05:43,1799.321110546589;14.08363181364073;1612.1968899140195;508.2716334288301;-5.446609737564451;2153.2671449703794;2104.3492194016208;51.91021130580163,,,,,,,,96.3676176375141,0.6223635670525604,14.516290185061514,0.0,100.4087241867849,1
2024-06-09 07:05:47,907.3582217097282;35.17938432245443;1089.3323471164626;364.5909261794458;-1.425175592303276;2772.824676512021;2855.85699930975;66.58891264732954,,,,,,,,158.73101503614535,0.4230951559591527,22.507989454169866,0.0,134.09433919865506,1
2024-06-09 07:06:20,2223.339518904686;15.698405481558575;2428.608769512267;846.181588652468;9.612155778279895;2667.0017232118043;1426.2089928673074;45.81679212007711,,,,,,,,220.62674418450152,0.7582653707979725,22.27378532569856,0.0,131.41493959442187,1
2024-06-09 07:06:24,1605.8554768562317;66.64490019287307;2233.1843016117286;552.21018347499;-6.981437313502751;1876.865431342001;1888.9567968263957;45.00690704541354,,,,,,,,323.46561575389285,1.0857528950170798,64.31012017754102,0.0,98.06594380051845,1
2024-06-09 07:06:28,733.1824779510498;8.264058318119455;1142.187670686664;472.6179983274068;-0.4009175579994917;2382.302483090348;3286.5506186229754;44.09306347229636,,,,,,,,72.90232111029054,0.37154233640336276,11.562775779061274,0.0,120.54333793367313,1
2024-06-09 07:06:32,799.2907509207726;42.0135776265345;969.9820371985244;426.6302467386724;-0.7635680888779461;2163.8281798756097;1687.0129623540306;70.27619982490134,,,,,,,,184.87670395457772,0.405416986558836,25.421109889647404,0.0,116.70100274182681,1
2024-06-09 07:06:36,851.2167319655418;84.27083421342691;1140.1986905274723;193.10619000004087;4.732016660273075;1432.6181756416995;3722.8978759916095;49.838307996938056,,,,,,,,193.19010994708205,1.3297898979837517,42.59620696926795,0.0,96.09749334381104,1
2024-06-09 07:06:41,1441.7874813079834;105.82742578350008;2228.1725665520617;770.9971774063565;-1.657911366055263;1812.7287077682972;3959.0320277070255;49.92911695575362,,,,,,,,339.4778264463441,2.1462901293709065,97.38965827357981,0.0,115.15296031699556,1
2024-06-09 07:07:17,791.0662889480591;90.5339071840162;1317.5424356797805;199.95465547538032;-1.5720986272208393;1654.5014035792292;3520.376321482976;63.644974344744426,,,,,,,,306.52110592982274,1.044038859496861,42.345638217586576,0.0,97.71364010689601,1
2024-06-09 07:07:22,1423.8428935408592;36.496160347014666;1497.041292998395;597.6789529603737;6.512463993063324;1582.991776072182;2459.671618118424;56.446721700754566,,,,,,,,227.5288023973071,0.8471329153851149,32.88812799119286,0.0,93.28105747008124,1
2024-06-09 07:07:27,1476.3903692364693;138.6483878735453;978.2582866157494;544.3798124975066;-9.816654866324614;2680.0116075699025;3802.228223226627;75.1632382859205,,,,,,,,101.33937217256494,32.56432578541314,96.41627871785523,0.0,126.0775346774258,2
2024-06-09 07:07:32,1338.1603449583054;70.96760171465576;1541.693643586187;233.365060879694;-2.423183247447014;1066.886509810229;2751.080590682057;43.29223470955088,,,,,,,,95.12020464387322,3.9781680817198715,44.14862382816987,0.0,74.96563180399232,1
2024-06-09 07:07:37,2109.240201115608;19.079883511354254;967.4356456308088;935.6682117606578;4.055497063307541;2921.657855845955;1995.19391520424;54.46113849130237,,,,,,,,138.5440597883602,0.6451340157366295,15.203117730995924,0.0,142.71616466811201,1
2024-06-09 07:07:41,1707.9592496156693;66.9198301333541;1021.0112086183852;726.3128679710903;-2.932854397045332;1753.6326253550485;3297.9038582600047;64.89281685933264,,,,,,,,286.14579658248323,1.0823486678498588,64.32444665350069,0.0,87.29852007078085,1
2024-06-09 07:08:18,1449.2061838507652;0.8350295759737492;842.0250734391813;308.47345144193685;-0.2032901917788923;2613.8700054545843;1349.2372753383966;57.914387673808704,,,,,,,,72.13258224751357,0.32871612369514297,9.143911444487646,0.0,127.80414013939246,1
2024-06-09 07:08:22,1652.2140592336657;83.75252378875346;2283.675122292043;273.54738695467245;8.767496805830302;2501.458266923343;2647.8902144303056;38.024944811604335,,,,,,,,203.4097630810846,6.271288300767928,73.54823513812892,0.0,128.2332231907385,2
2024-06-09 07:08:28,1056.6629692912102;14.798913674509684;781.3267872341787;108.7412472012172;-2.231070671696216;2928.913399202819;2530.886033720092;48.03347651154945,,,,,,,,90.49976089795454,0.3965194637096301,9.11817203793024,0.0,144.59223175048274,1
2024-06-09 07:08:57,1056.6629692912102;14.798913674509684;781.3267872341787;108.7412472012172;-2.231070671696216;2928.913399202819;2530.886033720092;48.03347651154945,,,,,,,,78.09496584632306,0.3466236591681125,9.047012854406214,0.0,141.29950921404424,1
2024-06-09 07:12:32,1719.997155666351;104.05145540038512;1808.1605683255195;448.2613846099203;-7.6262916191890655;2948.3253992844675;3999.6913851527834;61.5495074229449,,,,,,,,75.78770994084242,22.48034880466658,80.82620345719238,0.0,123.47972485834615,2
